genre,question_id,n_seams,severity_sum,severity_mean,severity_max
novel,00950a36_1,8,4.091608273411671,0.5114510341764589,0.7031069742095749
novel,00950a36_5,3,1.7623736117934174,0.5874578705978059,0.7919293774278053
novel,00950a36_2,21,8.913968380634607,0.4244746847921241,0.7029546212010307
novel,00950a36_0,24,10.805095326907338,0.4502123052878057,0.6429706761997724
novel,00950a36_6,3,1.6345667559362766,0.5448555853120922,0.6437534640210051
novel,00950a36_9,7,2.332264132531678,0.3331805903616683,0.4442778656692151
novel,00950a36_7,10,4.143467895618791,0.4143467895618791,0.6371888401595551
novel,00950a36_8,9,5.3763743998461555,0.5973749333162395,0.7471173072227116
novel,00950a36_10,22,9.972253565084593,0.4532842529583905,0.624571316654208
novel,00950a36_11,10,4.665756944728563,0.4665756944728563,0.7022048810867132
novel,00950a36_12,21,9.04787134410595,0.4308510163859976,0.8434693728111122
novel,00950a36_13,16,6.5498900739090296,0.4093681296193143,0.6371888401595551
novel,3e966645_1,6,3.0210888420033264,0.5035148070005544,0.6255821593665928
novel,00950a36_15,12,5.267208174260063,0.4389340145216719,0.5887381192653869
novel,3e966645_2,13,7.531485928823628,0.5793450714479713,0.7761647449894826
novel,00950a36_14,9,4.422734826517663,0.4914149807241848,0.6371888401595551
novel,3e966645_7,2,1.0643525626019137,0.5321762813009567,0.6351061741521149
novel,3e966645_6,43,20.739706937631677,0.4823187659914343,0.869851155677791
novel,3e966645_5,4,2.591482918608527,0.6478707296521318,0.7754727302164718
novel,3e966645_4,7,3.755467380498099,0.5364953400711571,0.7344999598364503
novel,3e966645_11,4,2.2849999094263778,0.5712499773565944,0.6774022096172201
novel,3e966645_10,4,2.2849999094263778,0.5712499773565944,0.6774022096172201
novel,3e966645_9,2,1.190202118031268,0.595101059015634,0.6774022096172201
novel,3e966645_8,7,3.415621120489198,0.4879458743555997,0.6255821593665928
novel,3e966645_16,0,0.0,0.0,0.0
novel,3e966645_17,4,2.240487930313572,0.560121982578393,0.6306610172026088
novel,3e966645_19,7,3.4206999783252137,0.4886714254750305,0.6306610172026088
novel,3e966645_12,6,3.0255947435450556,0.5042657905908426,0.6255821593665928
novel,3e966645_23,2,1.1434609256166568,0.5717304628083284,0.6306610172026088
novel,3e966645_22,2,1.7010866952767674,0.8505433476383837,0.8606406489430376
novel,3e966645_20,0,0.0,0.0,0.0
novel,3e966645_21,6,3.386664482959782,0.564444080493297,0.7022048810867132
novel,6a659de3_2,5,2.756409086662735,0.551281817332547,0.6825668499038406
novel,6a659de3_4,2,1.302257009100456,0.651128504550228,0.7197656074207275
novel,6a659de3_3,2,1.1145120000952278,0.5572560000476139,0.6825668499038406
novel,6a659de3_5,6,3.095909290484294,0.5159848817473823,0.7052280780781469
novel,6a659de3_7,5,2.9594873889436335,0.5918974777887267,0.7509985503883407
novel,6a659de3_6,5,2.7038972746208336,0.5407794549241667,0.6825668499038406
novel,6a659de3_11,3,1.909716685929626,0.6365722286432086,0.683195800665245
novel,6a659de3_12,8,4.203996533247578,0.5254995666559472,0.7052280780781469
novel,6a659de3_8,5,3.380656709932346,0.6761313419864692,0.8419590883373445
novel,6a659de3_14,6,3.025684680682903,0.5042807801138172,0.7985463789311558
novel,6a659de3_17,4,2.5340145392382785,0.6335036348095696,0.8419590883373445
novel,9561a72a_0,6,3.7947511973198704,0.6324585328866451,0.7891644544657312
novel,9561a72a_1,20,11.028923629536996,0.5514461814768498,0.709627005388102
novel,9561a72a_3,44,21.071657224220008,0.4789013005504547,1.0510723607130237
novel,9561a72a_5,15,8.758418244969029,0.583894549664602,0.7891644544657312
novel,9561a72a_7,14,8.010956132416398,0.572211152315457,0.757135049486438
novel,9561a72a_10,12,6.5344426826552215,0.5445368902212685,0.709627005388102
novel,9561a72a_9,7,4.057056444980294,0.579579492140042,0.7539177136507861
novel,9561a72a_11,22,11.69558104004111,0.5316173200018687,0.7106881212251794
novel,9561a72a_12,17,9.558189957735497,0.5622464681020879,0.757135049486438
novel,bf55d1c1_2,2,1.3225908082124471,0.6612954041062236,0.7736003206104631
novel,bf55d1c1_1,1,0.3628194051426349,0.3628194051426349,0.3628194051426349
novel,bf55d1c1_0,8,4.39479206698744,0.54934900837343,0.7592653284154705
novel,bf55d1c1_3,10,5.591532794415539,0.5591532794415539,0.753864878583103
novel,bf55d1c1_5,14,7.731540131093521,0.55225286650668,0.757135049486438
novel,bf55d1c1_4,6,3.817262495313336,0.6362104158855559,0.7025837685174738
novel,bf55d1c1_6,9,4.778174397650012,0.5309082664055569,0.7592653284154705
novel,bf55d1c1_11,2,0.9448583297868524,0.4724291648934262,0.5820389246442175
novel,bf55d1c1_9,10,4.307759934222468,0.4307759934222468,0.7004569137911631
novel,bf55d1c1_10,5,2.888405609584002,0.5776811219168004,0.7592653284154705
novel,bf55d1c1_12,2,1.1026989803331424,0.5513494901665712,0.6250543579667418
novel,ca4b98f5_1,2,0.9070322101557255,0.4535161050778628,0.4585803410175374
novel,ca4b98f5_2,7,3.989295828944876,0.5698994041349822,0.7593131500569235
novel,ca4b98f5_0,2,1.0278121699179907,0.5139060849589954,0.5334444835913077
novel,ca4b98f5_3,0,0.0,0.0,0.0
novel,ca4b98f5_8,29,14.236788700736575,0.4909237483012613,0.7985463789311558
novel,ca4b98f5_4,1,0.7985463789311558,0.7985463789311558,0.7985463789311558
novel,ca4b98f5_6,3,1.611401498694835,0.5371338328982783,0.6133333084735952
novel,ca4b98f5_12,1,0.7985463789311558,0.7985463789311558,0.7985463789311558
novel,ca4b98f5_13,8,4.280044075844138,0.5350055094805173,0.7025680875100968
novel,ca4b98f5_10,6,3.360329298853915,0.5600548831423192,0.7053447113009316
novel,ca4b98f5_11,36,18.12348495481151,0.5034301376336531,0.8043843457619214
novel,ca4b98f5_17,6,2.5869208377099393,0.4311534729516565,0.6154614575052716
novel,ca4b98f5_14,9,4.868477591384586,0.5409419545982873,0.7593131500569235
novel,ca4b98f5_16,19,10.370969036706803,0.5458404756161476,0.7985463789311558
novel,ca4b98f5_15,3,1.7489278001590802,0.5829759333863601,0.7053447113009316
caselaw,1,79,48.414536395835434,0.6128422328586763,0.896673894980104
caselaw,5,79,48.414536395835434,0.6128422328586763,0.896673894980104
novel,ca4b98f5_18,13,6.5235034311008215,0.5018079562385247,0.7212576968152261
caselaw,3,79,48.414536395835434,0.6128422328586763,0.896673894980104
caselaw,11,79,48.414536395835434,0.6128422328586763,0.896673894980104
caselaw,7,79,48.414536395835434,0.6128422328586763,0.896673894980104
caselaw,9,79,48.414536395835434,0.6128422328586763,0.896673894980104
caselaw,13,79,48.414536395835434,0.6128422328586763,0.896673894980104
caselaw,15,79,48.414536395835434,0.6128422328586763,0.896673894980104
caselaw,19,79,48.414536395835434,0.6128422328586763,0.896673894980104
caselaw,17,79,48.414536395835434,0.6128422328586763,0.896673894980104
caselaw,21,79,48.414536395835434,0.6128422328586763,0.896673894980104
caselaw,25,79,48.414536395835434,0.6128422328586763,0.896673894980104
caselaw,23,79,48.414536395835434,0.6128422328586763,0.896673894980104
caselaw,27,79,48.414536395835434,0.6128422328586763,0.896673894980104
caselaw,29,79,48.414536395835434,0.6128422328586763,0.896673894980104
caselaw,31,79,48.414536395835434,0.6128422328586763,0.896673894980104
caselaw,33,79,48.414536395835434,0.6128422328586763,0.896673894980104
caselaw,35,79,48.414536395835434,0.6128422328586763,0.896673894980104
caselaw,37,79,48.414536395835434,0.6128422328586763,0.896673894980104
caselaw,41,79,48.414536395835434,0.6128422328586763,0.896673894980104
caselaw,43,79,48.414536395835434,0.6128422328586763,0.896673894980104
caselaw,39,79,48.414536395835434,0.6128422328586763,0.896673894980104
caselaw,45,79,48.414536395835434,0.6128422328586763,0.896673894980104
caselaw,49,79,48.414536395835434,0.6128422328586763,0.896673894980104
caselaw,47,79,48.414536395835434,0.6128422328586763,0.896673894980104
caselaw,51,79,48.414536395835434,0.6128422328586763,0.896673894980104
caselaw,53,79,48.414536395835434,0.6128422328586763,0.896673894980104
caselaw,55,79,48.414536395835434,0.6128422328586763,0.896673894980104
caselaw,57,79,48.414536395835434,0.6128422328586763,0.896673894980104
caselaw,61,79,48.414536395835434,0.6128422328586763,0.896673894980104
caselaw,59,79,48.414536395835434,0.6128422328586763,0.896673894980104
caselaw,63,79,48.414536395835434,0.6128422328586763,0.896673894980104
caselaw,67,79,48.414536395835434,0.6128422328586763,0.896673894980104
caselaw,69,79,48.414536395835434,0.6128422328586763,0.896673894980104
caselaw,65,79,48.414536395835434,0.6128422328586763,0.896673894980104
caselaw,71,79,48.414536395835434,0.6128422328586763,0.896673894980104
caselaw,73,79,48.414536395835434,0.6128422328586763,0.896673894980104
caselaw,75,79,48.414536395835434,0.6128422328586763,0.896673894980104
caselaw,77,79,48.414536395835434,0.6128422328586763,0.896673894980104
caselaw,79,79,48.414536395835434,0.6128422328586763,0.896673894980104
caselaw,81,79,48.414536395835434,0.6128422328586763,0.896673894980104
caselaw,85,79,48.414536395835434,0.6128422328586763,0.896673894980104
caselaw,83,79,48.414536395835434,0.6128422328586763,0.896673894980104
caselaw,89,79,48.414536395835434,0.6128422328586763,0.896673894980104
caselaw,87,79,48.414536395835434,0.6128422328586763,0.896673894980104
caselaw,91,79,48.414536395835434,0.6128422328586763,0.896673894980104
caselaw,93,79,48.414536395835434,0.6128422328586763,0.896673894980104
caselaw,95,79,48.414536395835434,0.6128422328586763,0.896673894980104
caselaw,99,79,48.414536395835434,0.6128422328586763,0.896673894980104
caselaw,101,79,48.414536395835434,0.6128422328586763,0.896673894980104
caselaw,103,79,48.414536395835434,0.6128422328586763,0.896673894980104
caselaw,97,79,48.414536395835434,0.6128422328586763,0.896673894980104
caselaw,105,79,48.414536395835434,0.6128422328586763,0.896673894980104
caselaw,107,79,48.414536395835434,0.6128422328586763,0.896673894980104
caselaw,109,79,48.414536395835434,0.6128422328586763,0.896673894980104
caselaw,111,79,48.414536395835434,0.6128422328586763,0.896673894980104
caselaw,115,79,48.414536395835434,0.6128422328586763,0.896673894980104
caselaw,113,79,48.414536395835434,0.6128422328586763,0.896673894980104
caselaw,117,79,48.414536395835434,0.6128422328586763,0.896673894980104
caselaw,125,79,48.414536395835434,0.6128422328586763,0.896673894980104
caselaw,121,79,48.414536395835434,0.6128422328586763,0.896673894980104
caselaw,123,79,48.414536395835434,0.6128422328586763,0.896673894980104
caselaw,119,79,48.414536395835434,0.6128422328586763,0.896673894980104
caselaw,133,79,48.414536395835434,0.6128422328586763,0.896673894980104
caselaw,131,79,48.414536395835434,0.6128422328586763,0.896673894980104
caselaw,127,79,48.414536395835434,0.6128422328586763,0.896673894980104
caselaw,129,79,48.414536395835434,0.6128422328586763,0.896673894980104
caselaw,135,79,48.414536395835434,0.6128422328586763,0.896673894980104
caselaw,137,79,48.414536395835434,0.6128422328586763,0.896673894980104
caselaw,143,79,48.414536395835434,0.6128422328586763,0.896673894980104
caselaw,139,79,48.414536395835434,0.6128422328586763,0.896673894980104
caselaw,141,79,48.414536395835434,0.6128422328586763,0.896673894980104
caselaw,145,79,48.414536395835434,0.6128422328586763,0.896673894980104
caselaw,149,79,48.414536395835434,0.6128422328586763,0.896673894980104
caselaw,147,79,48.414536395835434,0.6128422328586763,0.896673894980104
caselaw,151,79,48.414536395835434,0.6128422328586763,0.896673894980104
caselaw,153,79,48.414536395835434,0.6128422328586763,0.896673894980104
caselaw,155,79,48.414536395835434,0.6128422328586763,0.896673894980104
caselaw,157,79,48.414536395835434,0.6128422328586763,0.896673894980104
caselaw,161,79,48.414536395835434,0.6128422328586763,0.896673894980104
caselaw,159,79,48.414536395835434,0.6128422328586763,0.896673894980104
caselaw,163,79,48.414536395835434,0.6128422328586763,0.896673894980104
caselaw,165,79,48.414536395835434,0.6128422328586763,0.896673894980104
caselaw,167,79,48.414536395835434,0.6128422328586763,0.896673894980104
caselaw,173,79,48.414536395835434,0.6128422328586763,0.896673894980104
caselaw,171,79,48.414536395835434,0.6128422328586763,0.896673894980104
caselaw,169,79,48.414536395835434,0.6128422328586763,0.896673894980104
caselaw,175,79,48.414536395835434,0.6128422328586763,0.896673894980104
caselaw,177,79,48.414536395835434,0.6128422328586763,0.896673894980104
caselaw,179,79,48.414536395835434,0.6128422328586763,0.896673894980104
caselaw,187,79,48.414536395835434,0.6128422328586763,0.896673894980104
caselaw,183,79,48.414536395835434,0.6128422328586763,0.896673894980104
caselaw,185,79,48.414536395835434,0.6128422328586763,0.896673894980104
caselaw,181,79,48.414536395835434,0.6128422328586763,0.896673894980104
caselaw,191,79,48.414536395835434,0.6128422328586763,0.896673894980104
caselaw,193,79,48.414536395835434,0.6128422328586763,0.896673894980104
caselaw,189,79,48.414536395835434,0.6128422328586763,0.896673894980104
caselaw,195,79,48.414536395835434,0.6128422328586763,0.896673894980104
caselaw,197,79,48.414536395835434,0.6128422328586763,0.896673894980104
caselaw,203,79,48.414536395835434,0.6128422328586763,0.896673894980104
caselaw,201,79,48.414536395835434,0.6128422328586763,0.896673894980104
caselaw,205,79,48.414536395835434,0.6128422328586763,0.896673894980104
caselaw,199,79,48.414536395835434,0.6128422328586763,0.896673894980104
caselaw,209,79,48.414536395835434,0.6128422328586763,0.896673894980104
caselaw,207,79,48.414536395835434,0.6128422328586763,0.896673894980104
caselaw,211,79,48.414536395835434,0.6128422328586763,0.896673894980104
caselaw,213,79,48.414536395835434,0.6128422328586763,0.896673894980104
caselaw,217,79,48.414536395835434,0.6128422328586763,0.896673894980104
caselaw,215,79,48.414536395835434,0.6128422328586763,0.896673894980104
caselaw,221,79,48.414536395835434,0.6128422328586763,0.896673894980104
caselaw,219,79,48.414536395835434,0.6128422328586763,0.896673894980104
caselaw,225,79,48.414536395835434,0.6128422328586763,0.896673894980104
caselaw,223,79,48.414536395835434,0.6128422328586763,0.896673894980104
caselaw,227,79,48.414536395835434,0.6128422328586763,0.896673894980104
caselaw,229,79,48.414536395835434,0.6128422328586763,0.896673894980104
caselaw,235,79,48.414536395835434,0.6128422328586763,0.896673894980104
caselaw,231,79,48.414536395835434,0.6128422328586763,0.896673894980104
caselaw,233,79,48.414536395835434,0.6128422328586763,0.896673894980104
caselaw,237,79,48.414536395835434,0.6128422328586763,0.896673894980104
caselaw,239,79,48.414536395835434,0.6128422328586763,0.896673894980104
caselaw,241,79,48.414536395835434,0.6128422328586763,0.896673894980104
caselaw,243,79,48.414536395835434,0.6128422328586763,0.896673894980104
caselaw,245,79,48.414536395835434,0.6128422328586763,0.896673894980104
caselaw,247,79,48.414536395835434,0.6128422328586763,0.896673894980104
caselaw,251,79,48.414536395835434,0.6128422328586763,0.896673894980104
caselaw,249,79,48.414536395835434,0.6128422328586763,0.896673894980104
caselaw,253,79,48.414536395835434,0.6128422328586763,0.896673894980104
caselaw,255,79,48.414536395835434,0.6128422328586763,0.896673894980104
caselaw,257,79,48.414536395835434,0.6128422328586763,0.896673894980104
caselaw,259,79,48.414536395835434,0.6128422328586763,0.896673894980104
caselaw,261,79,48.414536395835434,0.6128422328586763,0.896673894980104
caselaw,265,79,48.414536395835434,0.6128422328586763,0.896673894980104
caselaw,263,79,48.414536395835434,0.6128422328586763,0.896673894980104
caselaw,267,79,48.414536395835434,0.6128422328586763,0.896673894980104
caselaw,269,79,48.414536395835434,0.6128422328586763,0.896673894980104
caselaw,271,79,48.414536395835434,0.6128422328586763,0.896673894980104
caselaw,275,79,48.414536395835434,0.6128422328586763,0.896673894980104
caselaw,273,79,48.414536395835434,0.6128422328586763,0.896673894980104
caselaw,277,79,48.414536395835434,0.6128422328586763,0.896673894980104
caselaw,279,79,48.414536395835434,0.6128422328586763,0.896673894980104
caselaw,283,79,48.414536395835434,0.6128422328586763,0.896673894980104
caselaw,285,79,48.414536395835434,0.6128422328586763,0.896673894980104
caselaw,281,79,48.414536395835434,0.6128422328586763,0.896673894980104
caselaw,287,79,48.414536395835434,0.6128422328586763,0.896673894980104
caselaw,293,79,48.414536395835434,0.6128422328586763,0.896673894980104
caselaw,289,79,48.414536395835434,0.6128422328586763,0.896673894980104
caselaw,291,79,48.414536395835434,0.6128422328586763,0.896673894980104
caselaw,295,79,48.414536395835434,0.6128422328586763,0.896673894980104
caselaw,297,79,48.414536395835434,0.6128422328586763,0.896673894980104
caselaw,299,79,48.414536395835434,0.6128422328586763,0.896673894980104
caselaw,303,79,48.414536395835434,0.6128422328586763,0.896673894980104
caselaw,301,79,48.414536395835434,0.6128422328586763,0.896673894980104
caselaw,305,79,48.414536395835434,0.6128422328586763,0.896673894980104
caselaw,307,79,48.414536395835434,0.6128422328586763,0.896673894980104
caselaw,309,79,48.414536395835434,0.6128422328586763,0.896673894980104
caselaw,311,79,48.414536395835434,0.6128422328586763,0.896673894980104
caselaw,313,79,48.414536395835434,0.6128422328586763,0.896673894980104
caselaw,317,79,48.414536395835434,0.6128422328586763,0.896673894980104
caselaw,315,79,48.414536395835434,0.6128422328586763,0.896673894980104
caselaw,319,79,48.414536395835434,0.6128422328586763,0.896673894980104
caselaw,321,79,48.414536395835434,0.6128422328586763,0.896673894980104
caselaw,325,79,48.414536395835434,0.6128422328586763,0.896673894980104
caselaw,323,79,48.414536395835434,0.6128422328586763,0.896673894980104
caselaw,327,79,48.414536395835434,0.6128422328586763,0.896673894980104
caselaw,329,79,48.414536395835434,0.6128422328586763,0.896673894980104
caselaw,331,79,48.414536395835434,0.6128422328586763,0.896673894980104
caselaw,333,79,48.414536395835434,0.6128422328586763,0.896673894980104
caselaw,335,79,48.414536395835434,0.6128422328586763,0.896673894980104
caselaw,337,79,48.414536395835434,0.6128422328586763,0.896673894980104
caselaw,341,79,48.414536395835434,0.6128422328586763,0.896673894980104
caselaw,339,79,48.414536395835434,0.6128422328586763,0.896673894980104
caselaw,343,79,48.414536395835434,0.6128422328586763,0.896673894980104
caselaw,345,79,48.414536395835434,0.6128422328586763,0.896673894980104
caselaw,347,79,48.414536395835434,0.6128422328586763,0.896673894980104
caselaw,349,79,48.414536395835434,0.6128422328586763,0.896673894980104
caselaw,351,79,48.414536395835434,0.6128422328586763,0.896673894980104
caselaw,353,79,48.414536395835434,0.6128422328586763,0.896673894980104
caselaw,355,79,48.414536395835434,0.6128422328586763,0.896673894980104
caselaw,357,79,48.414536395835434,0.6128422328586763,0.896673894980104
caselaw,359,79,48.414536395835434,0.6128422328586763,0.896673894980104
caselaw,361,79,48.414536395835434,0.6128422328586763,0.896673894980104
caselaw,363,79,48.414536395835434,0.6128422328586763,0.896673894980104
caselaw,365,79,48.414536395835434,0.6128422328586763,0.896673894980104
caselaw,367,79,48.414536395835434,0.6128422328586763,0.896673894980104
caselaw,369,79,48.414536395835434,0.6128422328586763,0.896673894980104
caselaw,371,79,48.414536395835434,0.6128422328586763,0.896673894980104
caselaw,375,79,48.414536395835434,0.6128422328586763,0.896673894980104
caselaw,373,79,48.414536395835434,0.6128422328586763,0.896673894980104
caselaw,377,79,48.414536395835434,0.6128422328586763,0.896673894980104
caselaw,379,79,48.414536395835434,0.6128422328586763,0.896673894980104
caselaw,381,79,48.414536395835434,0.6128422328586763,0.896673894980104
caselaw,383,79,48.414536395835434,0.6128422328586763,0.896673894980104
caselaw,385,79,48.414536395835434,0.6128422328586763,0.896673894980104
caselaw,391,79,48.414536395835434,0.6128422328586763,0.896673894980104
caselaw,389,79,48.414536395835434,0.6128422328586763,0.896673894980104
caselaw,387,79,48.414536395835434,0.6128422328586763,0.896673894980104
caselaw,393,79,48.414536395835434,0.6128422328586763,0.896673894980104
caselaw,395,79,48.414536395835434,0.6128422328586763,0.896673894980104
caselaw,399,79,48.414536395835434,0.6128422328586763,0.896673894980104
caselaw,397,79,48.414536395835434,0.6128422328586763,0.896673894980104
